<?xml version="1.0" encoding="UTF-8"?>
<lom xmlns="http://www.imsglobal.org/xsd/imsmd_rootv1p2p1" xmlns:xsi="http://www.w3.org/2001/XMLSchema-instance" xsi:schemaLocation="http://www.imsglobal.org/xsd/imsmd_rootv1p2p1 imsmd_rootv1p2p1.xsd"><relation><resource><identifier>1065254037_1#ADSI-DESARROLLO-DESARROLLA_LA_BASE_DE_DATOS.png</identifier></resource></relation><relation><resource><identifier>1065204142_1#HR.zip</identifier></resource></relation><relation><resource><identifier>1065181057_1#PLSQLCONTROL.pdf</identifier></resource></relation><relation><resource><identifier>1065181056_1#PLSQLEXCEPCIONES.pdf</identifier></resource></relation><relation><resource><identifier>1065181055_1#PLSQLFUNCTION.pdf</identifier></resource></relation><relation><resource><identifier>1065181054_1#PLSQLPROCEDURE.pdf</identifier></resource></relation><relation><resource><identifier>1065204140_1#PLSQLSENTENCIAS.pdf</identifier></resource></relation><relation><resource><identifier>1065204138_1#PLSQLTRIGGER.pdf</identifier></resource></relation><relation><resource><identifier>1065204141_1#PLSQLVARIABLES.pdf</identifier></resource></relation><relation><resource><identifier>1065204139_1#PLSQLVIEW.pdf</identifier></resource></relation></lom>
