<?xml version="1.0" encoding="UTF-8"?>
<lom xmlns="http://www.imsglobal.org/xsd/imsmd_rootv1p2p1" xmlns:xsi="http://www.w3.org/2001/XMLSchema-instance" xsi:schemaLocation="http://www.imsglobal.org/xsd/imsmd_rootv1p2p1 imsmd_rootv1p2p1.xsd"><relation><resource><identifier>1065219018_1#ACTIVIDAD DE AFIANZAMIENTO CRUCIGRAMA.htm</identifier></resource></relation><relation><resource><identifier>1065226798_1#ACTIVIDAD DE AFIANZAMIENTO ORGANIZAR LA FRASE.htm</identifier></resource></relation><relation><resource><identifier>1065219084_1#ACTIVIDAD DE AFIANZAMIENTO SENTENCIA DML y DDL.htm</identifier></resource></relation><relation><resource><identifier>1065226799_1#ACTIVIDAD DE AFIANZAMIENTO SOPA DE LETRAS.htm</identifier></resource></relation><relation><resource><identifier>1065216244_1#MANUALSQL.htm</identifier></resource></relation><relation><resource><identifier>1065211322_1#SENASQL.zip</identifier></resource></relation></lom>
